# Остановки: места стабильной стоянки трамваев (платформы), из обучающих прогонов 30618
# Стоянка >= 5 с; место — если стояли в >= 8 прогонах с разбросом <= 3 м вдоль пути
lat,lon,heading,spread,runs
55.81012354,37.46134519,-1.5107,1.24,30
55.80972347,37.46139658,-1.4983,2.58,16
55.80903764,37.46075233,-2.2261,2.92,11
55.80684768,37.45814720,-2.1645,2.14,12
55.80567045,37.45386441,-2.9984,2.01,26
55.80557322,37.45254872,-3.0107,1.20,8
55.80432207,37.42048218,2.9255,2.28,29
55.80475852,37.41705269,2.9030,1.24,13
55.80521224,37.41376250,2.8996,2.21,29
55.80315953,37.40888855,-1.9140,0.44,13
55.80165665,37.40785522,-1.9501,0.82,29
55.79987483,37.40637675,-2.3611,0.30,13
55.79925346,37.40253791,-2.9941,0.63,26
55.79930147,37.39596751,2.7818,0.21,29
55.80000081,37.39268026,2.7654,0.24,29
55.80037360,37.39093454,2.7799,0.16,13
55.80014084,37.39186556,-0.3631,0.32,25
55.79946478,37.39504392,-0.3627,0.23,24
55.79913291,37.40144365,0.1410,0.34,24
55.80200485,37.40815448,1.2103,2.40,24
55.80530287,37.41288886,-0.2351,2.15,30
55.80494703,37.41548182,-0.2796,0.90,12
55.80546609,37.45151645,0.0924,0.26,13
55.80557181,37.45297947,0.1338,0.33,30
55.80632358,37.45737599,0.6635,0.37,20
55.80911424,37.46090557,0.9867,1.06,16
55.80975269,37.46144519,1.6249,1.35,28
