bag,vehicle,gnss_m,wheel_kmh_s,ratio
30618_0652866c,30618,5466.952079648569,19664.777787670428,1.0005000618082178
30618_073f08d1,30618,5415.540578885819,19489.830145022777,0.9999876951994782
30618_0e41eac3,30618,5165.010024644174,18587.59274644268,1.0000205304235488
30618_0f120b35,30618,5341.44967094692,19220.46589162824,1.000129243511939
30618_1cc230fa,30618,4971.576615226268,17862.903300658945,1.0016199941753927
30618_21dd3af3,30618,5396.672584042504,19406.8323797965,1.0007654679950608
30618_22c1c589,30618,5404.063101916097,19446.867792161993,1.0000728697005208
30618_2366c74a,30618,3268.9182840988715,11753.496509672073,1.000916566647375
30618_28538acf,30618,4903.193343857252,17599.649757850704,1.0026189055703745
30618_2cb9ce37,30618,3298.408191775401,11861.914885456774,1.000715191858786
30618_2dbce472,30618,4802.016838976492,17281.62346881997,1.0000000830055007
30618_33bec73f,30618,4982.343177809494,17944.526764374103,0.9992232353022826
30618_3b36e5cd,30618,5298.144841928102,19052.58113347579,1.0007622230959194
30618_3e9f4952,30618,5372.351691624678,19319.724346995565,1.0007472504402188
30618_437e855c,30618,4951.629008548705,17814.598886750253,1.0003061668696025
30618_49fe4c54,30618,5293.008728166895,19020.721197170576,1.0014667305025151
30618_4d487b0d,30618,5282.708166428431,19045.18779790361,0.9982337657943213
30618_67b89902,30618,5376.877659151885,19364.7001134368,0.9992640772912497
30618_68847170,30618,5395.897624534826,19428.17043979455,0.9995227705213728
30618_68d1748a,30618,4838.211714613425,17407.44235855961,1.0002551562772688
30618_748832b9,30618,5382.235608994997,19352.258029034547,1.0009029175345592
30618_76e1f9c7,30618,5434.963360285645,19569.590143154546,0.9994838625464159
30618_7b4d83f4,30618,5368.2738512626875,19322.813903061586,0.9998277516385689
30618_87afe526,30618,5047.564641701428,18175.01294720101,0.999466072865336
30618_88548b02,30618,3615.2042566760697,12937.599298146124,1.0056342113977237
30618_9c09b081,30618,4950.909681766828,17792.043665986184,1.001428769455231
30618_a869780d,30618,4769.84937601666,17170.14095472606,0.9997506621582725
30618_ab5921a4,30618,5053.082204756054,18183.396438881486,1.000097293552623
30618_af7496f0,30618,444.75843959987174,1596.366452715381,1.0026572563229588
30618_b8044aa0,30618,4996.48926930192,17990.222081054828,0.9995150329864823
30618_b83d854d,30618,5252.57679752424,18920.232876782742,0.9990951006484023
30618_b95ca60a,30618,5226.911076234901,18811.855722347795,0.9999409825898966
30618_dd8d0741,30618,4994.975753633538,17968.716906499598,1.0004081332126338
30618_dd8e6395,30618,5368.449985350315,19318.06097279043,1.000106557446057
30618_e3d94878,30618,5406.168217966749,19476.251769349336,0.9989530355835757
30618_e9a34502,30618,5384.8434207680075,19379.18652476324,0.9999963909318904
30618_f19a4ac3,30618,5281.937611433144,19017.040064409433,0.9995654622239575
30639_0be558e2,30639,4889.911088253111,17534.979554104833,1.003590622527568
30639_253671cc,30639,1390.8104204395984,5033.674097977189,0.9943602110021468
30639_2b4a6347,30639,723.1867993845772,2593.5723438550804,1.0034899320898054
30639_4285f2bc,30639,2806.591304905116,10083.008147595385,1.0017283228678584
30639_50956d6e,30639,4419.701787660426,15866.63905911036,1.0024643120586703
30639_92226df0,30639,5096.267575118496,18523.062362802237,0.9901484893380873
30639_927002c2,30639,5343.669678754508,19160.188446173015,1.0036926040075589
30639_9c362687,30639,235.11708126114502,849.9747365188466,0.9954949474952293
