bag,vehicle,n,k
30618_0652866c,30618,8329,0.2780244699174933
30618_073f08d1,30618,7478,0.2778398106199761
30618_0e41eac3,30618,7574,0.2778199449733901
30618_0f120b35,30618,7303,0.27772159533043866
30618_1cc230fa,30618,7157,0.27808159836599805
30618_21dd3af3,30618,7170,0.27799103373316186
30618_22c1c589,30618,7279,0.2778306409346358
30618_2366c74a,30618,3936,0.27798396594257024
30618_28538acf,30618,7347,0.278001080218915
30618_2cb9ce37,30618,4422,0.278012899106736
30618_2dbce472,30618,7337,0.2778623537061187
30618_33bec73f,30618,6506,0.2778614238103081
30618_3b36e5cd,30618,7490,0.2780471243710675
30618_3e9f4952,30618,7717,0.2779745488392789
30618_437e855c,30618,7060,0.27809043512203574
30618_49fe4c54,30618,7797,0.2778649492752113
30618_4d487b0d,30618,7429,0.27773022094418853
30618_67b89902,30618,6871,0.2778844862968844
30618_68847170,30618,7514,0.27773657774044547
30618_68d1748a,30618,7060,0.2778027782256788
30618_748832b9,30618,7156,0.27799972926687955
30618_76e1f9c7,30618,8152,0.2777754101568635
30618_7b4d83f4,30618,7359,0.2776761393795125
30618_87afe526,30618,7634,0.2777842891886124
30618_88548b02,30618,4989,0.27951789157738904
30618_9c09b081,30618,7530,0.27799401708136373
30618_a869780d,30618,6604,0.2778683639906087
30618_ab5921a4,30618,7996,0.2779411569270615
30618_af7496f0,30618,983,0.2752381064402817
30618_b8044aa0,30618,6807,0.2776727066725673
30618_b83d854d,30618,7731,0.27774163140219116
30618_b95ca60a,30618,7120,0.27767387555264905
30618_dd8d0741,30618,7072,0.2780393504907923
30618_dd8e6395,30618,7677,0.27807218611742623
30618_e3d94878,30618,7267,0.2776967063807562
30618_e9a34502,30618,7291,0.2779172754161128
30618_f19a4ac3,30618,7491,0.27772084753906456
30639_0be558e2,30639,7188,0.27869802453359566
30639_253671cc,30639,1823,0.2760218146391182
30639_2b4a6347,30639,1150,0.27860434210611174
30639_4285f2bc,30639,4104,0.27846469316231753
30639_50956d6e,30639,6782,0.2787420644111846
30639_92226df0,30639,7560,0.27497438328104634
30639_927002c2,30639,7489,0.2785990601044457
30639_9c362687,30639,432,0.2758461633583508
